aoi,date,in,elim_brightening,out,out_ha
35SMA,2025-07-30,1,0,1,3.2
35SMB,2025-08-01,1,1,0,0
35SMB,2025-08-14,22,0,22,261.0
35SMC,2025-07-15,8,0,8,102.5
35SMC,2025-07-20,6,1,5,55.1
35SMC,2025-07-22,7,2,5,54.0
35SMC,2025-07-25,3,1,2,49.0
35SMC,2025-07-30,1,1,0,0
35SMC,2025-08-01,1,1,0,0
35SMC,2025-08-04,1,1,0,0
35SMC,2025-08-11,1,0,1,33.3
35SMC,2025-08-14,5,0,5,8136.0
35SMD,2025-07-15,2,0,2,133.1
35SMD,2025-07-18,5,2,3,1285.8
35SMD,2025-07-20,2,0,2,1227.9
35SMD,2025-07-22,2,0,2,1317.9
35SMD,2025-07-23,7,3,4,1231.3
35SMD,2025-07-25,3,0,3,1380.7
35SMD,2025-07-28,6,1,5,1221.1
35SMD,2025-07-30,2,0,2,1231.2
35SMD,2025-08-01,2,0,2,74.2
35SMD,2025-08-04,1,0,1,66.9
35SMD,2025-08-07,1,1,0,0
35SMD,2025-08-12,3,0,3,73.4
35SMD,2025-08-14,6,0,6,1139.4
35SMV,2025-08-06,1,1,0,0
35SMV,2025-08-08,1,1,0,0
35SMV,2025-08-11,3,3,0,0
35SNA,2025-07-30,1,0,1,10.6
35SNA,2025-08-14,1,0,1,6.0
35SNB,2025-07-19,1,0,1,29.7
35SNB,2025-07-20,1,1,0,0
35SNB,2025-07-22,1,1,0,0
35SNB,2025-07-25,1,1,0,0
35SNB,2025-07-27,2,1,1,21.7
35SNB,2025-07-29,3,1,2,76.2
35SNB,2025-07-30,4,1,3,96.8
35SNB,2025-08-01,3,0,3,111.0
35SNB,2025-08-04,3,0,3,111.3
35SNB,2025-08-06,3,0,3,110.2
35SNB,2025-08-08,2,0,2,56.0
35SNB,2025-08-11,2,0,2,87.6
35SNB,2025-08-14,2,0,2,81.7
35SNC,2025-07-20,1,0,1,28.3
35SNC,2025-07-27,1,0,1,63.2
35SNC,2025-07-29,2,0,2,117.6
35SNC,2025-07-30,5,1,4,208.7
35SNC,2025-08-01,3,0,3,127.2
35SNC,2025-08-04,4,1,3,153.6
35SNC,2025-08-06,3,0,3,151.6
35SNC,2025-08-08,3,0,3,129.2
35SNC,2025-08-11,2,0,2,85.6
35SNC,2025-08-14,7,1,6,989.3
35SND,2025-07-17,1,0,1,4.1
35SND,2025-07-20,4,0,4,652.2
35SND,2025-07-27,3,0,3,133.8
35SND,2025-07-29,4,0,4,150.3
35SND,2025-07-30,5,0,5,662.4
35SND,2025-08-04,2,0,2,133.8
35SND,2025-08-06,3,0,3,159.6
35SND,2025-08-08,3,0,3,461.4
35SND,2025-08-11,1,0,1,342.3
35SND,2025-08-14,7,0,7,1814.8
35SNV,2025-08-08,1,1,0,0
35SNV,2025-08-14,2,2,0,0
35SPA,2025-07-17,1,0,1,38.0
35SPA,2025-07-19,9,4,5,61.0
35SPA,2025-07-22,5,1,4,61.6
35SPA,2025-07-27,5,2,3,25.3
35SPA,2025-07-29,2,0,2,21.6
35SPA,2025-08-06,3,2,1,3.7
35SPA,2025-08-08,5,2,3,11.5
35SPA,2025-08-11,1,1,0,0
35SPB,2025-07-19,1,1,0,0
35SPB,2025-07-20,1,1,0,0
35SPB,2025-07-25,3,1,2,51.9
35SPB,2025-07-27,4,1,3,182.8
35SPB,2025-07-29,4,1,3,178.2
35SPB,2025-07-30,1,0,1,28.1
35SPB,2025-08-01,4,1,3,194.2
35SPB,2025-08-04,3,2,1,29.0
35SPB,2025-08-06,3,1,2,144.1
35SPB,2025-08-08,1,1,0,0
35SPB,2025-08-11,5,5,0,0
35SPB,2025-08-14,7,7,0,0
35SPC,2025-07-20,1,1,0,0
35SPC,2025-07-22,1,1,0,0
35SPC,2025-07-25,1,1,0,0
35SPC,2025-07-27,3,1,2,106.6
35SPC,2025-07-29,4,2,2,105.2
35SPC,2025-07-30,3,2,1,22.1
35SPC,2025-08-01,2,0,2,110.6
35SPC,2025-08-04,4,3,1,23.0
35SPC,2025-08-06,3,1,2,108.9
35SPC,2025-08-11,5,5,0,0
35SPC,2025-08-14,10,9,1,67.1
35SPD,2025-07-20,4,2,2,18.8
35SPD,2025-07-25,3,1,2,12.0
35SPD,2025-07-27,6,2,4,124.6
35SPD,2025-07-29,5,1,4,2765.5
35SPD,2025-07-30,5,1,4,1752.7
35SPD,2025-08-04,1,0,1,2336.5
35SPD,2025-08-06,1,0,1,2840.5
35SPD,2025-08-11,20,0,20,3423.2
35SPD,2025-08-14,13,0,13,1890.0
35SQA,2025-07-16,2,0,2,47.4
35SQA,2025-07-22,2,1,1,75.9
35SQA,2025-08-13,19,1,18,95.2
35SQB,2025-07-19,4,0,4,165.8
35SQB,2025-07-22,8,3,5,304.5
35SQB,2025-07-24,2,1,1,42.3
35SQB,2025-07-27,3,2,1,85.9
35SQB,2025-07-29,1,1,0,0
35SQB,2025-08-01,1,0,1,20.5
35SQB,2025-08-11,1,1,0,0
35SQC,2025-07-17,1,1,0,0
35SQC,2025-07-19,1,1,0,0
35SQC,2025-07-22,8,3,5,326.4
35SQC,2025-07-24,1,0,1,44.5
35SQC,2025-07-27,4,1,3,1615.1
35SQC,2025-07-29,1,1,0,0
35SQC,2025-08-01,5,1,4,1744.3
35SQC,2025-08-05,2,0,2,253.7
35SQC,2025-08-06,4,0,4,1737.0
35SQC,2025-08-08,1,0,1,44.0
35SQC,2025-08-11,1,1,0,0
35SQD,2025-07-22,4,1,3,186.7
35SQD,2025-07-24,2,0,2,640.0
35SQD,2025-07-27,4,0,4,868.7
35SQD,2025-07-29,2,0,2,761.6
35SQD,2025-08-01,2,0,2,764.7
35SQD,2025-08-03,2,0,2,406.9
35SQD,2025-08-05,4,0,4,867.5
35SQD,2025-08-06,3,0,3,757.5
35SQD,2025-08-08,2,1,1,33.6
35SQD,2025-08-13,1,0,1,31.9
35TME,2025-07-20,2,0,2,5202.4
35TME,2025-07-22,2,0,2,5189.9
35TME,2025-07-25,2,0,2,5243.8
35TME,2025-07-30,7,1,6,867.9
35TME,2025-08-11,4,0,4,3291.4
35TME,2025-08-12,7,0,7,5792.9
35TME,2025-08-14,13,0,13,5383.7
35TNE,2025-07-15,2,1,1,52.2
35TNE,2025-07-17,2,2,0,0
35TNE,2025-07-20,4,2,2,1128.5
35TNE,2025-07-22,1,1,0,0
35TNE,2025-07-30,3,0,3,689.6
35TNE,2025-08-14,14,0,14,470.0
35TPE,2025-07-15,3,3,0,0
35TPE,2025-07-17,4,2,2,103.2
35TPE,2025-07-20,3,1,2,102.9
35TPE,2025-07-22,5,2,3,125.9
35TPE,2025-07-25,4,1,3,127.0
35TPE,2025-07-27,7,2,5,574.3
35TPE,2025-07-29,6,1,5,4856.9
35TPE,2025-07-30,8,4,4,2958.5
35TPE,2025-08-04,2,0,2,3823.9
35TPE,2025-08-06,2,0,2,5559.0
35TPE,2025-08-08,5,1,4,3553.6
35TPE,2025-08-11,1,0,1,4285.8
35TPE,2025-08-14,3,0,3,2143.4
36STF,2025-07-29,2,0,2,54.1
36STF,2025-08-03,1,0,1,21.5
36STF,2025-08-05,1,0,1,56.2
36STF,2025-08-08,1,0,1,56.5
36STF,2025-08-13,1,1,0,0
36STG,2025-07-19,4,0,4,158.1
36STG,2025-07-22,5,1,4,211.2
36STG,2025-07-24,3,1,2,64.9
36STG,2025-07-27,1,1,0,0
36STG,2025-07-29,1,1,0,0
36STG,2025-08-01,1,0,1,21.9
36STG,2025-08-05,1,0,1,56.2
36STG,2025-08-08,1,0,1,55.1
36STG,2025-08-13,2,0,2,56.1
36STH,2025-07-19,1,0,1,22.6
36STH,2025-07-24,2,0,2,84.2
36STH,2025-07-27,3,1,2,1521.4
36STH,2025-07-29,1,0,1,63.9
36STH,2025-08-01,1,0,1,79.1
36STH,2025-08-03,1,0,1,81.9
36STH,2025-08-05,3,0,3,257.5
36STH,2025-08-06,6,1,5,1685.3
36STH,2025-08-08,2,0,2,126.8
36STH,2025-08-11,1,1,0,0
36STJ,2025-07-22,2,0,2,117.9
36STJ,2025-07-24,2,0,2,636.9
36STJ,2025-07-27,2,0,2,748.5
36STJ,2025-07-29,2,0,2,757.4
36STJ,2025-08-03,2,0,2,397.4
36STJ,2025-08-05,5,0,5,929.4
36STJ,2025-08-08,9,1,8,565.1
36STJ,2025-08-11,8,1,7,385.6
36STJ,2025-08-13,4,0,4,114.1
36SUF,2025-07-19,1,1,0,0
36SUF,2025-07-29,2,1,1,27.3
36SUF,2025-08-05,1,0,1,54.8
36SUF,2025-08-08,1,0,1,54.5
36SUG,2025-07-24,3,0,3,143.9
36SUG,2025-07-29,2,0,2,68.8
36SUG,2025-08-05,2,0,2,93.8
36SUG,2025-08-08,1,0,1,47.3
36SUG,2025-08-13,13,2,11,71.6
36SUH,2025-07-16,1,1,0,0
36SUH,2025-07-19,4,1,3,164.8
36SUH,2025-07-22,2,1,1,22.9
36SUH,2025-07-24,3,0,3,494.8
36SUH,2025-07-27,1,0,1,49.5
36SUH,2025-07-29,2,0,2,485.1
36SUH,2025-08-01,1,0,1,81.9
36SUH,2025-08-03,2,0,2,126.3
36SUH,2025-08-05,2,0,2,105.5
36SUH,2025-08-06,2,1,1,83.6
36SUH,2025-08-08,2,1,1,84.7
36SUH,2025-08-11,2,2,0,0
36SUH,2025-08-13,2,2,0,0
36SUJ,2025-07-16,2,0,2,117.9
36SUJ,2025-07-22,2,0,2,58.6
36SUJ,2025-08-03,3,0,3,187.5
36SUJ,2025-08-06,3,0,3,72.5
36SUJ,2025-08-08,3,0,3,111.2
36SUJ,2025-08-11,5,0,5,264.3
36SUJ,2025-08-13,2,0,2,63.5
36SVE,2025-07-19,4,0,4,314.5
36SVE,2025-07-24,1,0,1,3.2
36SVE,2025-07-26,1,0,1,8.4
36SVE,2025-07-29,2,1,1,7.3
36SVE,2025-07-31,2,1,1,7.3
36SVE,2025-08-03,1,1,0,0
36SVE,2025-08-05,1,0,1,7.5
36SVE,2025-08-08,1,0,1,6.7
36SVE,2025-08-12,1,0,1,6.1
36SVF,2025-07-16,5,4,1,22.6
36SVF,2025-07-19,2,0,2,327.0
36SVF,2025-07-23,1,1,0,0
36SVF,2025-07-24,1,1,0,0
36SVF,2025-07-26,5,1,4,421.4
36SVF,2025-07-29,3,0,3,361.1
36SVF,2025-07-31,5,1,4,360.3
36SVF,2025-08-03,7,2,5,66.0
36SVF,2025-08-05,2,0,2,307.1
36SVF,2025-08-08,4,0,4,350.1
36SVF,2025-08-12,2,0,2,229.9
36SVF,2025-08-13,16,4,12,100.3
36SVG,2025-07-19,3,3,0,0
36SVG,2025-07-21,2,2,0,0
36SVG,2025-07-23,2,2,0,0
36SVG,2025-07-24,4,3,1,130.6
36SVG,2025-07-26,2,2,0,0
36SVG,2025-07-29,2,1,1,32.0
36SVG,2025-07-31,2,1,1,30.0
36SVG,2025-08-02,2,1,1,38.2
36SVG,2025-08-05,2,1,1,31.4
36SVG,2025-08-08,1,1,0,0
36SVH,2025-07-16,1,1,0,0
36SVH,2025-07-19,1,1,0,0
36SVH,2025-07-24,1,1,0,0
36SVH,2025-07-26,2,2,0,0
36SVH,2025-07-29,1,1,0,0
36SVH,2025-08-02,1,0,1,22.7
36SVH,2025-08-05,1,0,1,55.2
36SVH,2025-08-08,2,1,1,39.1
36SVH,2025-08-12,1,1,0,0
36SWE,2025-07-21,2,1,1,5.3
36SWE,2025-07-23,2,1,1,5.0
36SWE,2025-07-31,1,1,0,0
36SWE,2025-08-02,1,1,0,0
36SWE,2025-08-12,3,3,0,0
36SWF,2025-07-16,1,1,0,0
36SWF,2025-07-21,2,2,0,0
36SWF,2025-07-23,1,1,0,0
36SWF,2025-07-26,3,1,2,708.2
36SWF,2025-07-31,1,0,1,819.5
36SWF,2025-08-05,6,0,6,788.8
36SWF,2025-08-12,7,0,7,808.5
36SWG,2025-07-16,3,3,0,0
36SWG,2025-07-21,2,2,0,0
36SWG,2025-07-23,3,3,0,0
36SWG,2025-07-26,2,2,0,0
36SWG,2025-08-05,1,1,0,0
36SWH,2025-07-16,4,4,0,0
36SWH,2025-07-19,8,7,1,21.6
36SWH,2025-07-21,2,2,0,0
36SWH,2025-07-23,2,2,0,0
36SWH,2025-07-26,5,5,0,0
36SWH,2025-07-29,12,12,0,0
36SWH,2025-07-31,8,7,1,44.9
36SWH,2025-08-02,10,10,0,0
36SWH,2025-08-03,5,5,0,0
36SWH,2025-08-05,10,10,0,0
36SWH,2025-08-08,9,8,1,29.2
36SWH,2025-08-12,11,9,2,64.0
36SWH,2025-08-13,12,10,2,76.6
36SXE,2025-07-13,1,1,0,0
36SXF,2025-07-21,1,0,1,29.3
36SXF,2025-07-23,2,0,2,75.7
36SXF,2025-07-26,2,1,1,41.2
36SXF,2025-08-09,1,1,0,0
36SXF,2025-08-12,1,1,0,0
36SXG,2025-07-21,1,0,1,33.8
36SXG,2025-07-26,2,1,1,38.1
36SXG,2025-07-31,1,0,1,53.4
36SXG,2025-08-05,13,0,13,523.4
36SXG,2025-08-09,5,0,5,178.7
36SXG,2025-08-12,1,0,1,52.3
36SYE,2025-07-18,4,1,3,164.2
36SYE,2025-07-23,7,1,6,357.3
36SYE,2025-07-28,5,0,5,338.2
36SYE,2025-08-07,1,0,1,30.2
36SYE,2025-08-09,2,0,2,59.2
36SYE,2025-08-12,6,2,4,281.3
36SYF,2025-07-18,15,15,0,0
36SYF,2025-07-20,4,4,0,0
36SYF,2025-07-21,1,0,1,28.2
36SYF,2025-07-23,13,9,4,166.3
36SYF,2025-07-26,3,1,2,66.2
36SYF,2025-07-28,1,0,1,49.2
36SYF,2025-08-05,1,0,1,20.4
36SYF,2025-08-09,2,1,1,24.7
36SYF,2025-08-12,3,1,2,46.5
36SYG,2025-07-23,3,1,2,48.4
36SYG,2025-07-26,1,1,0,0
36SYG,2025-08-09,30,0,30,1581.2
36SYG,2025-08-12,8,0,8,235.8
37SBA,2025-07-18,14,14,0,0
37SBA,2025-07-20,5,5,0,0
37SBA,2025-07-21,1,0,1,6.6
37SBA,2025-07-23,8,7,1,50.3
37SBA,2025-07-28,1,1,0,0
37SBA,2025-08-12,1,0,1,21.8
37SBB,2025-07-23,1,0,1,25.6
37SBB,2025-08-12,10,0,10,1348.8
37SBV,2025-07-18,4,1,3,146.4
37SBV,2025-07-20,4,1,3,128.4
37SBV,2025-07-23,5,0,5,327.8
37SBV,2025-07-28,3,0,3,147.6
37SBV,2025-07-30,1,0,1,32.5
37SBV,2025-08-02,1,0,1,32.5
37SBV,2025-08-07,1,0,1,30.5
37SBV,2025-08-09,1,0,1,31.1
37SBV,2025-08-12,5,2,3,250.5
konya,2026-09-07,1,1,0,0
konya,2026-09-09,2,2,0,0
mugla,2021-08-27,1,0,1,4.0
mugla,2026-09-05,2,1,1,9.6
